,tweets,
0,the queens take on #KyleRittenhouseTrial seems the same as the #whitesupremacists #domesticterrorist #jan6th anti‚Ä¶ https://t.co/s0sNl4GasN,negative
1,RT @ClareKuehn: #BlackLivesMatter #NickiMinaj #MAGA #2A #Alberta #Ontario #Toronto #covid19 #corruption Wake #science #sciencewins #Austral‚Ä¶,negative
2,"Black owned barbershop app Squire raises 60 million. 

https://t.co/kAlDwhwSSo
#africanamerican #africa‚Ä¶ https://t.co/f6NMrlOGlQ",positive
3,RT @Malcolm_X_Files: My religion makes me against all forms of racism. It keeps me from judging any man by the color of his skin. It teache‚Ä¶,positive
4,RT @RisePDX: Listen to this #KyleRittenhouseTrial chud who is anti #blacklivesmatter and does have bias get blown apart by the prosecution.‚Ä¶,negative
5,RT @4_South_Africa: @EFFSouthAfrica Please go to Sudan and help restore the dignity of black people. Go to Mozambique and restore the digni‚Ä¶,negative
6,@imVkohli Victory doesn't matter. What matters is that we supported a Social Cause.American Blacks have been Persec‚Ä¶ https://t.co/K5aKD4M2Wa,positive
7,"RT @msgrumpybunny: Patriots Believe Black lives matter.

What does being a patriot mean to YOU? 

Join Democrats in reclaiming patriotism n‚Ä¶",negative
8,RT @4_South_Africa: @EFFSouthAfrica Please go to Sudan and help restore the dignity of black people. Go to Mozambique and restore the digni‚Ä¶,negative
9,"RT @CindySpoon: This is happening in the ""blue"" state of #NewMexico. 

The private prison is run by CoreCivic, a company known for human ri‚Ä¶",neutral
10,RT @Malcolm_X_Files: My religion makes me against all forms of racism. It keeps me from judging any man by the color of his skin. It teache‚Ä¶,positive
11,"RT @amanda_gfx: #Gamers! Get sick theme #badges for your gaming so HMU...
#twitch #smallstreamer #twitchstreamer #twitchaffiliate #BlackLiv‚Ä¶",negative
12,"RT @AuthoritahMy: Hate Won‚Äôt Make America Great Again T-shirt (image is a only a representation of actual shirt)
https://t.co/GvDZ7L7Mwn
#d‚Ä¶",neutral
13,RT @teodiofidel: You think police in the US is prejudiced? Watch how Cuban police treats South African Medical students that were just havi‚Ä¶,negative
14,RT @ejlazarus: How in the world has a child been missing for almost a month and no one suspects foul play nor has any suspect been named? T‚Ä¶,negative
15,"RT @BrunoAmato_1: Things I AM FOR and Kevin McCarthy #CA23 is against...

Doing Townhalls in my District.
Violence Against Women Act.
Unive‚Ä¶",neutral
16,You #Americans are bad for America #LGBTQ #metoo #BlackLivesMatter why don‚Äôt you go fuck up some other country? I d‚Ä¶ https://t.co/c8GuhMn61c,negative
17,"RT @BrunoAmato_1: Things I AM FOR and Kevin McCarthy #CA23 is against...

Doing Townhalls in my District.
Violence Against Women Act.
Unive‚Ä¶",neutral
18,"RT @MendacityAbout: #11thHour RT # SenJohnKennedy 
""I don't mean any disrespect,but it must suck to be that dumb."" #BuildBackBetterAct #msn‚Ä¶",neutral
19,"RT @MendacityAbout: #11thHour RT # SenJohnKennedy 
""I don't mean any disrespect,but it must suck to be that dumb."" #BuildBackBetterAct #msn‚Ä¶",neutral
20,"RT @bpsycho1: Out of work, #disabled w/ heart failure, 2000 in the hole on #rent,  utility bills, debt. WILL BE HOMELESS W/O HELP
CApp/Vmo/‚Ä¶",negative
21,RT @Malcolm_X_Files: My religion makes me against all forms of racism. It keeps me from judging any man by the color of his skin. It teache‚Ä¶,positive
22,"RT @xxGoodnEvilxx: Everyone who is calling the #McMichaelBryanTrial the
#AhmaudArberyTrial ... are truly ignorant. 
There is meaning behing‚Ä¶",neutral
23,"Everyone who is calling the #McMichaelBryanTrial the
#AhmaudArberyTrial ... are truly ignorant. 
There is meaning b‚Ä¶ https://t.co/rXSIcAugoF",neutral
24,RT @Malcolm_X_Files: My religion makes me against all forms of racism. It keeps me from judging any man by the color of his skin. It teache‚Ä¶,positive
25,"RT @MendacityAbout: #11thHour RT # SenJohnKennedy 
""I don't mean any disrespect,but it must suck to be that dumb."" #BuildBackBetterAct #msn‚Ä¶",neutral
26,"RT @MendacityAbout: #11thHour RT # SenJohnKennedy 
""I don't mean any disrespect,but it must suck to be that dumb."" #BuildBackBetterAct #msn‚Ä¶",neutral
27,"RT @MendacityAbout: #11thHour RT # SenJohnKennedy 
""I don't mean any disrespect,but it must suck to be that dumb."" #BuildBackBetterAct #msn‚Ä¶",neutral
28,RT @teodiofidel: You think police in the US is prejudiced? Watch how Cuban police treats South African Medical students that were just havi‚Ä¶,negative
29,"#11thHour RT # SenJohnKennedy 
""I don't mean any disrespect,but it must suck to be that dumb."" #BuildBackBetterAct‚Ä¶ https://t.co/o7xDPr9z8d",neutral
30,"RT @amanda_gfx: #Gamers! Get sick theme #badges for your gaming so HMU...
#twitch #smallstreamer #twitchstreamer #twitchaffiliate #BlackLiv‚Ä¶",negative
31,@EFFSouthAfrica Please go to Sudan and help restore the dignity of black people. Go to Mozambique and restore the d‚Ä¶ https://t.co/7h7euzAIlx,negative
32,"RT @msgrumpybunny: Patriots Believe Black lives matter.

What does being a patriot mean to YOU? 

Join Democrats in reclaiming patriotism n‚Ä¶",neutral
33,RT @BilisumaKegna: @USAmbUN @UN How could you sleep at night? Have you not shame to speak of your govt protecting human rights in #Black Af‚Ä¶,negative
34,"RT @Riss_Bundjalung: Police brutality and murder is not a cure for mental illness. RIP brother another life stolen from us, sending love to‚Ä¶",negative
35,"RT @phoenix_art_01: Want a cartoon portrait?
Please kindly DM now to commission yours ü¶ã

#Commission #art #NFTs #artwork #comic #blackmen #‚Ä¶",neutral
36,RT @DaRealPepa: How many more names we need for this broken system to be fixed! #WeWantJustice #BlackLivesMatter https://t.co/GdFkc1jTTE,negative
37,"#LawAndOrder
#CivilRights
#fourthAmendment 
#GoodCops
#BlackLivesMatter 
#Vote
Good Cop Gets Bad Cop Fired and Arre‚Ä¶ https://t.co/a1AZAdyy2f",neutral
38,"RT @newmalevichart: Friends, check out our BLM ART nft 100 Greatest African Americans https://t.co/Z4be9uxp3q Let‚Äôs pump these 100 tokens b‚Ä¶",positive
39,"Sun Jul 12 2020 Portland, Oregon - Protester shot in the head WATCH: https://t.co/x9FWNoY7cc #PortlandOregon #PPD‚Ä¶ https://t.co/7Minz1Og8l",negative
40,National felons eagle strikes again #blacklivesmatter https://t.co/rd8hlFUgbz,negative
41,"Good read! &gt; Book review: In 'Dear White Friend,' a Black #construction CEO tackles race at work‚Ä¶ https://t.co/aXYG0mK8wJ",positive
42,RT @say_the_names: Christian Taylor #BlackLivesMatter,positive
43,RT @crisxherring: I hope my death makes more cents than my life ‚ôäÔ∏è‚úäüèø - Arthur Fleck #BlackLivesMatter üôèüèª #JusticeForGeorgeFloyd https://t.c‚Ä¶,negative
44,RT @ejlazarus: How in the world has a child been missing for almost a month and no one suspects foul play nor has any suspect been named? T‚Ä¶,negative
45,"RT @Buddha_Inked: Goodnight, nerds! And remember: #BlackLivesMatter #TransRightsAreHumanRights üè≥Ô∏è‚Äçüåà #WearAMask üò∑",negative
46,"RT @Mindcite_US: How a descendant of immigrants and a descendant of slaves sold their souls to the the Republican party. 

#GOPTraitorsToDe‚Ä¶",negative
47,"RT @IDLIVA: I deserve to live in America &amp; NOT Amerikkka!  

#BlackLivesMatter https://t.co/3EFH0q672T",neutral
48,"RT @IDLIVA: I deserve to live in America &amp; NOT Amerikkka!  

#BlackLivesMatter https://t.co/3EFH0q672T",neutral
49,"Say, ‚ÄúShut Up And Dribble,‚Äù Again. I Dare You! | by William Spivey | Aug, 2020 | Medium - via @pensignal‚Ä¶ https://t.co/eJWEM1f8HR",negative
50,@HHichilema @_AfricanUnion hmmm it is hard to believe that you lead black people while you easily fail to white  at‚Ä¶ https://t.co/XGNBc91bf1,negative
51,RT @Harperpunk: @SkeeAU @actingliketommy Nice. #BlackLivesMatter,neutral
52,"For those who follow me, understand that I don't put up with BS like body shaming. I support #BodyPositivity‚Ä¶ https://t.co/qBDmBXBWYB",positive
53,RT @ejlazarus: How in the world has a child been missing for almost a month and no one suspects foul play nor has any suspect been named? T‚Ä¶,negative
54,"RT @PeggyStuart: We know that #PatriotsBelieve that when #BlackLivesMatter all lives will matter.

#ONEV1 #DemVoice1 #Dems4USA #DemCast 

h‚Ä¶",positive
55,"RT @Riss_Bundjalung: Police brutality and murder is not a cure for mental illness. RIP brother another life stolen from us, sending love to‚Ä¶",negative
56,"RT @newmalevichart: Friends, check out our BLM ART nft 100 Greatest African Americans https://t.co/Z4be9uxp3q Let‚Äôs pump these 100 tokens b‚Ä¶",neutral
57,RT @suigenerisjen: Proud to be representing Leetona Dungay in her @UNHumanRights complaint about her son‚Äôs death in custody and Australia‚Äôs‚Ä¶,positive
58,@SkeeAU @actingliketommy Nice. #BlackLivesMatter,neutral
59,"RT @IDLIVA: I deserve to live in America &amp; NOT Amerikkka!  

#BlackLivesMatter https://t.co/3EFH0q672T",neutral
60,"Goodnight, nerds! And remember: #BlackLivesMatter #TransRightsAreHumanRights üè≥Ô∏è‚Äçüåà #WearAMask üò∑",neutral
61,How in the world has a child been missing for almost a month and no one suspects foul play nor has any suspect been‚Ä¶ https://t.co/CWzVoS3Zt5,negative
62,RT @crisxherring: I hope my death makes more cents than my life ‚ôäÔ∏è‚úäüèø - Arthur Fleck #BlackLivesMatter üôèüèª #JusticeForGeorgeFloyd https://t.c‚Ä¶,negative
63,Christian Taylor #BlackLivesMatter,neutral
64,"""Under the influence of politically correct extremism, individual thought &amp; expression are too often curbed and rep‚Ä¶ https://t.co/5PtnUoLuXW",negative
65,"RT @Tildys: Patriots Believe #BlackLivesMatter

What does being a patriot mean to YOU? 

Join Democrats in reclaiming patriotism now. 

Let‚Ä¶",neutral
66,This punks smile says it all. I hope he get life he's a punk and he deserves a life behind bars! #BlackLivesMatter‚Ä¶ https://t.co/KwE32brKHX,negative
67,#BlackLivesMatter #NickiMinaj #MAGA #2A #Alberta #Ontario #Toronto #covid19 #corruption Wake #science #sciencewins‚Ä¶ https://t.co/jcTt3s7G0S,negative
68,Now If We Had Our Own Government It Woulda Been GREAT JUST LIKE THAT #BlackGovernment #blacklivesmatter‚Ä¶ https://t.co/NyneMsjTYz,negative
69,"We still have a few scarves available for sale. $20 per scarf, all proceeds will go to @RadicalMonarchs.

To order,‚Ä¶ https://t.co/HnbC2OmwhU",positive
70,"RT @blmphxmetro: BLM Phoenix Metro is on TikTok y'all! Give us a follow. Our username is blmphxmetro! ‚úäüèº‚úäüèΩ‚úäüèæ‚úäüèø
#blmphoenixmetro #blm #black‚Ä¶",positive
71,"RT @newmalevichart: Friends, check out our BLM ART nft 100 Greatest African Americans https://t.co/Z4be9uxp3q Let‚Äôs pump these 100 tokens b‚Ä¶",positive
72,"RT @IDLIVA: I deserve to live in America &amp; NOT Amerikkka!  

#BlackLivesMatter https://t.co/3EFH0q672T",neutral
73,"RT @blmphxmetro: BLM Phoenix Metro is on TikTok y'all! Give us a follow. Our username is blmphxmetro! ‚úäüèº‚úäüèΩ‚úäüèæ‚úäüèø
#blmphoenixmetro #blm #black‚Ä¶",positive
74,RT @james59975431: @SpeakerPelosi @GOPLeader I wouldn‚Äôt trust @SpeakerPelosi because this woman only sees January 6 as an insurrection but‚Ä¶,negative
75,"RT @HamiltonPR5: Your Social Media Partner.
#TMobileTuesdays #socialmediaads #digitalmarketing #DrDogKiller #NationalPumpkinDay #tuesdayvib‚Ä¶",neutral
76,RT @crisxherring: I hope my death makes more cents than my life ‚ôäÔ∏è‚úäüèø - Arthur Fleck #BlackLivesMatter üôèüèª #JusticeForGeorgeFloyd https://t.c‚Ä¶,negative
77,"RT @LeiaBryant13: Also #BLM is not against any of those things as far as I know.
#BlackLivesMatter",neutral
78,"RT @BrunoAmato_1: Things I AM FOR and Kevin McCarthy #CA23 is against...

Doing Townhalls in my District.
Violence Against Women Act.
Unive‚Ä¶",neutral
79,RT @ClareKuehn: #BlackLivesMatter #NickiMinaj #MAGA #2A #Alberta #Ontario #Toronto #health #covid19 #Covid_19 #corruption Wake #science #sc‚Ä¶,negative
80,"RT @OldMainBell: DING, ding^ ding? ding &amp; DING. ding^ ding, Ding... ding ding ding? #PennState #BlackLivesMatter #JusticeForAll",neutral
81,RT @james59975431: @SpeakerPelosi @GOPLeader And trust me lol @SpeakerPelosi #BlackLivesMatter aren‚Äôt victims they are instigators of racis‚Ä¶,negative
82,@SpeakerPelosi @GOPLeader And trust me lol @SpeakerPelosi #BlackLivesMatter aren‚Äôt victims they are instigators of‚Ä¶ https://t.co/jI7f3LJeMZ,negative
83,"RT @OldMainBell: DING, ding^ ding? ding &amp; DING. ding^ ding, Ding... ding ding ding? #PennState #BlackLivesMatter #JusticeForAll",neutral
84,#BlackLivesMatter #NickiMinaj #MAGA #2A #Alberta #Ontario #Toronto #health #covid19 #Covid_19 #corruption Wake‚Ä¶ https://t.co/lhqOBUg4OA,negative
85,"DING, ding^ ding? ding &amp; DING. ding^ ding, Ding... ding ding ding? #PennState #BlackLivesMatter #JusticeForAll",neutral
86,RT @james59975431: @SpeakerPelosi @GOPLeader Lol @SpeakerPelosi can‚Äôt handle an animated video of her self being taken out that‚Äôs pretty fu‚Ä¶,positive
87,@SpeakerPelosi @GOPLeader Lol @SpeakerPelosi can‚Äôt handle an animated video of her self being taken out that‚Äôs pret‚Ä¶ https://t.co/cKMhwTd8Bx,negative
88,"RT @LeiaBryant13: Also #BLM is not against any of those things as far as I know.
#BlackLivesMatter",neutral
89,"RT @HamiltonPR5: Your Social Media Partner.
#TMobileTuesdays #socialmediaads #digitalmarketing #DrDogKiller #NationalPumpkinDay #tuesdayvib‚Ä¶",positive
90,RT @james59975431: @SpeakerPelosi @GOPLeader I wouldn‚Äôt trust @SpeakerPelosi because this woman only sees January 6 as an insurrection but‚Ä¶,negative
91,@SpeakerPelosi @GOPLeader I wouldn‚Äôt trust @SpeakerPelosi because this woman only sees January 6 as an insurrection‚Ä¶ https://t.co/eIUU1o2gQE,negative
92,"RT @PeggyStuart: We know that #PatriotsBelieve that when #BlackLivesMatter all lives will matter.

#ONEV1 #DemVoice1 #Dems4USA #DemCast 

h‚Ä¶",positive
93,"RT @kk131066: To this day

- #Equality is a pipe dream 4 American women

- millions struggle to prove that #BlackLivesMatter

#StrongerToge‚Ä¶",neutral
94,"RT @GangemiMerry: @Kaepernick7 @netflix ""They'll see how beautiful I am
And be ashamed,--

I, too, am America."" (Langston Hughes) 

#BlackL‚Ä¶",positive
95,"RT @IDLIVA: I deserve to live in America &amp; NOT Amerikkka!  

#BlackLivesMatter https://t.co/3EFH0q672T",negative
96,RT @coolfunnytshirt: It's not as if Team BCCI hasn't done anything worthwhile. They have achieved #BlackLivesMatter and #WeStandWithShami.‚Ä¶,positive
97,"RT @ObsidianCollec1: Navy men set sail for war ‚öìÔ∏è

From the OCA (1940)

#blackcommunity #blacklivesmatter #blacklove #blackpower #blackexce‚Ä¶",negative
98,"RT @IDLIVA: I deserve to live in America &amp; NOT Amerikkka!  

#BlackLivesMatter https://t.co/3EFH0q672T",negative
99,RT @GibsonBeaver: @DarthApuReborn mr beaver wonders if #BlackLivesMatter in israel,negative
100,It's time to #DefundTheCavourPolice #BlackLivesMatter,negative
101,"I deserve to live in America &amp; NOT Amerikkka!  

#BlackLivesMatter https://t.co/3EFH0q672T",negative
102,"RT @BrunoAmato_1: Things I AM FOR and Kevin McCarthy #CA23 is against...

Doing Townhalls in my District.
Violence Against Women Act.
Unive‚Ä¶",neutral
103,"RT @SHurleyHall: Also as a first generation Nigerian-American woman there was a lot about my experiences to explore. @Itoroflower

Read the‚Ä¶",positive
104,RT @ClareKuehn: #BlackLivesMatter #NickiMinaj #MAGA #2A #Alberta #Ontario #Toronto #health #covid19 #Covid_19 #cancer #corruption Wakey #sc‚Ä¶,negative
105,"RT @ObsidianCollec1: Navy men set sail for war ‚öìÔ∏è

From the OCA (1940)

#blackcommunity #blacklivesmatter #blacklove #blackpower #blackexce‚Ä¶",negative
106,RT @ConnellCrooms: We are still looking for someone to join our incredible disability work. Reach out to us and apply to become an Advocate‚Ä¶,positive
107,#BlackLivesMatter #NickiMinaj #MAGA #Alberta #Ontario #Toronto #covid19 #corruption Wake #science #sciencewins‚Ä¶ https://t.co/MwPpqBwTtR,negative
108,RT @IsStratkotter: This is day 572 of strikeing for #savecongorainforest and #GlobalClimateJustice to say that #AfricaMatters #BlackLivesMa‚Ä¶,neutral
109,"RT @scroll_in: #Watch: Young woman shouts at Indian cricketers to stand up for Indian farmers

The Indian cricket team took a knee in suppo‚Ä¶",negative
110,"RT @Riss_Bundjalung: Police brutality and murder is not a cure for mental illness. RIP brother another life stolen from us, sending love to‚Ä¶",negative
111,"#Watch: Young woman shouts at Indian cricketers to stand up for Indian farmers

The Indian cricket team took a knee‚Ä¶ https://t.co/L1zq368J6A",neutral
112,"RT @ellyse_perrygfx: Streamers!!Want amazing mascot logo for Twitch? dm me
#smallstreamer  #SmallStreamerConnect #streamergirl #SupportSmal‚Ä¶",neutral
113,"Navy men set sail for war ‚öìÔ∏è

From the OCA (1940)

#blackcommunity #blacklivesmatter #blacklove #blackpower‚Ä¶ https://t.co/ZF5qZp2Vv2",negative
114,#BlackLivesMatter #NickiMinaj #MAGA #2A #Alberta #Ontario #Toronto #health #covid19 #Covid_19 #cancer #corruption W‚Ä¶ https://t.co/kaEgHrd2OZ,negative
115,"RT @SHurleyHall: Also as a first generation Nigerian-American woman there was a lot about my experiences to explore. @Itoroflower

Read the‚Ä¶",positive
116,"RT @ashakiiii: #TaleahLowe, 18 died on October 14th. She took a trip with her new white friends, they said she hit a riptide &amp; that what ma‚Ä¶",negative
117,"RT @Aswagaawy: Delighted to win 2ND PLACE in the 2021 Porter House Review Poetry Contest with my poem ""February 23, 2020"" written for Ahmad‚Ä¶",positive
118,"Sun May 31 2020 New York City, New York - Police injure journalist WATCH: https://t.co/BvAenmY6Gn City #NewYork Cit‚Ä¶ https://t.co/olNW9NcBYm",negative
119,"RT @sergeivote: So let me get this straight: Aaron Rodgers can spread misinformation about vaccines, 

But Colin Kaepernick can't speak the‚Ä¶",negative
120,"Also as a first generation Nigerian-American woman there was a lot about my experiences to explore. @Itoroflower

R‚Ä¶ https://t.co/Al3jtjGwXW",positive
121,"RT @blmphxmetro: BLM Phoenix Metro is on TikTok y'all! Give us a follow. Our username is blmphxmetro! ‚úäüèº‚úäüèΩ‚úäüèæ‚úäüèø
#blmphoenixmetro #blm #black‚Ä¶",positive
122,"RT @Riss_Bundjalung: Police brutality and murder is not a cure for mental illness. RIP brother another life stolen from us, sending love to‚Ä¶",negative
123,Gloves are starting to come off.. good to see! #chudwatch #blacklivesmatter https://t.co/bY76fwPMBW,neutral
124,"RT @Mindcite_US: How a descendant of immigrants and a descendant of slaves sold their souls to the the Republican party. 

#GOPTraitorsToDe‚Ä¶",negative
125,"RT @Mindcite_US: How a descendant of immigrants and a descendant of slaves sold their souls to the the Republican party. 

#GOPTraitorsToDe‚Ä¶",negative
126,RT @KtownforAll: .@DocMellyMel: Parks are not meant for people to be roaming around with guns. This motion speaks volumes to the kind of pe‚Ä¶,negative
127,RT @BotDefund: It's time to #DefundTheSpringChurchPolice #BlackLivesMatter,negative
128,"RT @Tildys: Patriots Believe #BlackLivesMatter

What does being a patriot mean to YOU? 

Join Democrats in reclaiming patriotism now. 

Let‚Ä¶",neutral
129,"Hands up, don't shoot! #BlackLivesMatter",negative
130,Thread. #StandForIzzy #TakeNote #BlackLivesMatter #SpeakUpandDribble https://t.co/cNjHuMH5WI,negative
131,"@jamiegangel @Acosta Psssttt... Trump isn't President anymore . . .

#obsessed #Triggered 

#DefundThePolice‚Ä¶ https://t.co/skx6boxN6v",neutral
132,"üì£ New Podcast! ""Work This Way"" on @Spreaker #blacklivesmatter #block_crown #camelphat #celeste #djmix #draman‚Ä¶ https://t.co/qlI7HRRqDw",neutral
133,"American Nightmare (11/09/2021) 
#poetry #poetrytwitter #oneaday #BlackLivesMatter https://t.co/BXZ5DehW98",negative
134,RT @ClareKuehn: #BlackLivesMatter #NickiMinaj #MAGA #Alberta #Ontario #Toronto Wake #science #sciencewins #Australia #Arizona #murder #chil‚Ä¶,negative
135,"Nestride Yumga goes off at DC protest against BLM. Well done. 

#BlackLivesMatter 

https://t.co/hq0lWq6Bec",negative
136,"RT @kk131066: To this day

- #Equality is a pipe dream 4 American women

- millions struggle to prove that #BlackLivesMatter

#StrongerToge‚Ä¶",neutral
137,"#IndigenousPeoples remind us of their slaughter, #ColinKaepernick @Kaepernick7 reminds us that #BlackLivesMatter .‚Ä¶ https://t.co/9jq0STzxwQ",negative
138,RT @ClareKuehn: #BlackLivesMatter #NickiMinaj #MAGA #2A #Alberta #Ontario #Toronto #covid19 #Covid_19 #cancer #corruption Wakey #science #s‚Ä¶,negative
139,#BlackLivesMatter #NickiMinaj #MAGA #2A #Alberta #Ontario #Toronto #covid19 #Covid_19 #cancer #corruption Wakey‚Ä¶ https://t.co/PGg7L9jLPt,negative
140,"RT @newmalevichart: Friends, check out our BLM ART nft 100 Greatest African Americans https://t.co/Z4be9uxp3q Let‚Äôs pump these 100 tokens b‚Ä¶",positive
141,"RT @theburrowjulia: If three black men killed a white man and the jury was made up of 11 black jurors and one white, can you imagine the ou‚Ä¶",negative
142,"RT @kk131066: To this day

- #Equality is a pipe dream 4 American women

- millions struggle to prove that #BlackLivesMatter

#StrongerToge‚Ä¶",neutral
143,"RT @sergeivote: So let me get this straight: Aaron Rodgers can spread misinformation about vaccines, 

But Colin Kaepernick can't speak the‚Ä¶",negative
144,"RT @Riss_Bundjalung: Police brutality and murder is not a cure for mental illness. RIP brother another life stolen from us, sending love to‚Ä¶",negative
145,It's time to #DefundTheSpringChurchPolice #BlackLivesMatter,negative
146,"RT @blmphxmetro: BLM Phoenix Metro is on TikTok y'all! Give us a follow. Our username is blmphxmetro! ‚úäüèº‚úäüèΩ‚úäüèæ‚úäüèø
#blmphoenixmetro #blm #black‚Ä¶",positive
147,"@BIRetail it's only fair, equal pay for equal work

but NO #BlackLivesMatter #StopAsianHateCrimes #StopAsianHate in‚Ä¶ https://t.co/PrbkRwm0nn",positive
148,"Brittany Tichenor, Izzy's mother, is speaking last. 

""I wish she could see how much she is truly loved.""

""This is‚Ä¶ https://t.co/YygssDjjkJ",neutral
149,RT @Satellit3Heart: Treasure Hendrix was found dead in officer Charlie Bell's RV. Chicago PD appears to be hindering the investigation via‚Ä¶,negative
150,"RT @theskindoctor13: This is world's loss, not India's. Everyone knew our team had reach, stardom, money and activists-par-excellence who c‚Ä¶",neutral
151,RT @averymariah17: #KierraColes is still missing #Chicago #illinois #missing #BlackLivesMatter https://t.co/viCNfw0tGp,neutral
152,"RT @newmalevichart: Friends, check out our BLM ART nft 100 Greatest African Americans https://t.co/Z4be9uxp3q Let‚Äôs pump these 100 tokens b‚Ä¶",positive
153,"RT @theburrowjulia: If three black men killed a white man and the jury was made up of 11 black jurors and one white, can you imagine the ou‚Ä¶",negative
154,"RT @inartfairNYK: Feed the flock of God which is among you, taking the oversight thereof, not by constraint, but willingly; not for filthy‚Ä¶",neutral
155,"RT @DominikJust: Stop white privileges  
Does anyone else think #KyleRittenhouse is acting like the stereotypical self-entitled privileged‚Ä¶",negative
156,"RT @Riss_Bundjalung: Police brutality and murder is not a cure for mental illness. RIP brother another life stolen from us, sending love to‚Ä¶",negative
157,"RT @inartfairNYK: Neither as being lords over God's heritage, but being examples to the flock.

1 Peter 5:3

#HolocaustMemorialDay #MLK #Gr‚Ä¶",neutral
158,"RT @newmalevichart: Friends, check out our BLM ART nft 100 Greatest African Americans https://t.co/Z4be9uxp3q Let‚Äôs pump these 100 tokens b‚Ä¶",positive
159,"RT @jaycolumbusnow: @askewfilm is coming to the @kencen #MilleniumStage on Nov. 17 @ 6pm! I hope to see you there!
‚Äî‚Äî
#Documentary #Film #C‚Ä¶",positive
160,RT @Jessaustralia: @9NewsMelb Meanwhile my family marched in adelaide Victoria square for my cousin charlene warrior #BlackLivesMatter http‚Ä¶,positive
161,"RT @jaycolumbusnow: @askewfilm is coming to the @kencen #MilleniumStage on Nov. 17 @ 6pm! I hope to see you there!
‚Äî‚Äî
#Documentary #Film #C‚Ä¶",positive
162,"RT @jaycolumbusnow: @askewfilm is coming to the @kencen #MilleniumStage on Nov. 17 @ 6pm! I hope to see you there!
‚Äî‚Äî
#Documentary #Film #C‚Ä¶",positive
163,"RT @askewfilm: We‚Äôre coming to the @kencen #MilleniumStage on Nov. 17 @ 6pm! See you there!
‚Äî‚Äî
#Documentary #Film #ChildAbandonment #Adopti‚Ä¶",positive
164,"RT @askewfilm: We‚Äôre coming to the @kencen #MilleniumStage on Nov. 17 @ 6pm! See you there!
‚Äî‚Äî
#Documentary #Film #ChildAbandonment #Adopti‚Ä¶",positive
165,RT @james59975431: It‚Äôs amazing that nobody will say that #BlackLivesMatter are domestic terrorist when their actions says completely what‚Ä¶,negative
166,"RT @Tatertot20101: @WatchYourRepsSC Real Patriots want ALL Americans to prosper. 
True Patriots don't want a russian sponsored government.‚Ä¶",positive
167,Social Distancing-2021 #anthropoceneproject #filmfotograf #blacklivesmatter #nccwp #ilfordhp5 #pmkpyro‚Ä¶ https://t.co/U7b7eTEZzV,neutral
168,"Also #BLM is not against any of those things as far as I know.
#BlackLivesMatter",neutral
169,"RT @OldMainBell: DING ding ding Ding^ ding. ding! Ding? ding ding, ding #PennState #BlackLivesMatter #JusticeForAll",neutral
170,RT @james59975431: It‚Äôs amazing that nobody will say that #BlackLivesMatter are domestic terrorist when their actions says completely what‚Ä¶,negative
171,"DING ding ding Ding^ ding. ding! Ding? ding ding, ding #PennState #BlackLivesMatter #JusticeForAll",neutral
172,RT @james59975431: It‚Äôs amazing that nobody will say that #BlackLivesMatter are domestic terrorist when their actions says completely what‚Ä¶,negative
173,It‚Äôs amazing that nobody will say that #BlackLivesMatter are domestic terrorist when their actions says completely‚Ä¶ https://t.co/UMlISbQaqT,negative
174,RT @Satellit3Heart: Treasure Hendrix was found dead in officer Charlie Bell's RV. Chicago PD appears to be hindering the investigation via‚Ä¶,negative
175,"RT @askewfilm: We‚Äôre coming to the @kencen #MilleniumStage on Nov. 17 @ 6pm! See you there!
‚Äî‚Äî
#Documentary #Film #ChildAbandonment #Adopti‚Ä¶",positive
176,"We‚Äôre coming to the @kencen #MilleniumStage on Nov. 17 @ 6pm! See you there!
‚Äî‚Äî
#Documentary #Film‚Ä¶ https://t.co/2XU7MLUFsJ",positive
177,"@askewfilm is coming to the @kencen #MilleniumStage on Nov. 17 @ 6pm! I hope to see you there!
‚Äî‚Äî
#Documentary‚Ä¶ https://t.co/z5A23BGfPG",positive
178,"Neither as being lords over God's heritage, but being examples to the flock.

1 Peter 5:3

#HolocaustMemorialDay‚Ä¶ https://t.co/UiyPBQm9oX",neutral
179,"Feed the flock of God which is among you, taking the oversight thereof, not by constraint, but willingly; not for f‚Ä¶ https://t.co/lWTF5InzW7",neutral
180,"RT @ellyse_perrygfx: Streamers!!Want amazing mascot logo for Twitch? dm me
#smallstreamer  #SmallStreamerConnect #streamergirl #SupportSmal‚Ä¶",neutral
181,"RT @JemmarPseudo: This is bad I have not received more donations and the time to pay is approaching I have nerves please help me D:
#Mutual‚Ä¶",negative
182,@therealzanetta @RepGosar @RepMTG @RepBoebert @RepMattGaetz @replouiegohmert But all the #blacklivesmatter clowns w‚Ä¶ https://t.co/eJx87dOdJl,negative
183,RT @james59975431: @hugolowell Breaking: @hugolowell will report anything that slams January 6 people when yet #BlackLivesMatter started th‚Ä¶,negative
184,@hugolowell Breaking: @hugolowell will report anything that slams January 6 people when yet #BlackLivesMatter start‚Ä¶ https://t.co/uVwppCH1V8,negative
185,"The elders which are among you I exhort, who am also an elder, and a witness of the sufferings of Christ, and also‚Ä¶ https://t.co/pGqiw0i5Jg",neutral
186,RT @IsStratkotter: This is day 572 of strikeing for #savecongorainforest and #GlobalClimateJustice to say that #AfricaMatters #BlackLivesMa‚Ä¶,negative
187,RT @LizDeepJones: ‚ÄúI want the ‚Å¶@UN‚Å© to say to our racist government that #BlackLivesMatter And tell the world that my son David‚Äôs life matt‚Ä¶,negative
188,"RT @46usaC: Biden Harris 2020 Election T-Shirt #blacklivesmatter #democrat
https://t.co/6m7WMa3R0T https://t.co/fbD2zeYJgB",neutral
189,RT @suigenerisjen: Proud to be representing Leetona Dungay in her @UNHumanRights complaint about her son‚Äôs death in custody and Australia‚Äôs‚Ä¶,positive
190,"RT @theskindoctor13: This is world's loss, not India's. Everyone knew our team had reach, stardom, money and activists-par-excellence who c‚Ä¶",neutral
191,"RT @GailWaldby: Patriots Believe Black lives matter.

What does being a patriot mean to YOU? 

Join Democrats in reclaiming patriotism now.‚Ä¶",positive
192,"Please read, &amp; share widely. 
#Cherokee #Indigenous #BlackLivesMatter
#NativeAmericanHeritageMonth #WereStillHere‚Ä¶ https://t.co/vb3wpO2WzV",positive
193,RT @suigenerisjen: Proud to be representing Leetona Dungay in her @UNHumanRights complaint about her son‚Äôs death in custody and Australia‚Äôs‚Ä¶,positive
194,"RT @GailWaldby: Patriots Believe Black lives matter.

What does being a patriot mean to YOU? 

Join Democrats in reclaiming patriotism now.‚Ä¶",positive
195,RT @james59975431: @EricBoehlert @AlanTudyk We don‚Äôt have to teach critical race theory nor should any white kids have to suffer threats or‚Ä¶,negative
196,@EricBoehlert @AlanTudyk We don‚Äôt have to teach critical race theory nor should any white kids have to suffer threa‚Ä¶ https://t.co/4vP3ghOreb,negative
197,RT @ellyse_perrygfx: Hi!need cute emote?Knock on my door anytime #smallstreamer #affiliate #SmallStreamerConnect #streamergirl #SupportSmal‚Ä¶,positive
198,"RT @ashakiiii: #TaleahLowe, 18 died on October 14th. She took a trip with her new white friends, they said she hit a riptide &amp; that what ma‚Ä¶",negative
199,RT @BrunoMars: Thank you to all the protesters around the world fighting for whats right.  Protect Black lives #BlackLivesMatter.,positive
200,"@POTUS 

or just keep walking in #circles. It's not like any #government figure will ever see these‚Ä¶ https://t.co/37E6Kb3vfF",neutral
201,RT @violectrica: Kyle Rittenhouse believes so hard in the anti-#BlackLivesMatter flag he traversed state lines to argue. With a gun. Tellin‚Ä¶,negative
202,RT @suigenerisjen: Proud to be representing Leetona Dungay in her @UNHumanRights complaint about her son‚Äôs death in custody and Australia‚Äôs‚Ä¶,negative
203,RT @ellyse_perrygfx: Hi!need cute emote?Knock on my door anytime #smallstreamer #affiliate #SmallStreamerConnect #streamergirl #SupportSmal‚Ä¶,positive
204,"RT @manthonyhunter: In this @NPR article @mays_kyle, @MelaninMvskoke, @_joyscm and Autumn Rose Williams, are Young, Black Native activists‚Ä¶",positive
205,"In this @NPR article @mays_kyle, @MelaninMvskoke, @_joyscm and Autumn Rose Williams, are Young, Black Native activi‚Ä¶ https://t.co/mxPpCtfPYy",positive
206,RT @ellyse_perrygfx: Hi!need cute emote?Knock on my door anytime #smallstreamer #affiliate #SmallStreamerConnect #streamergirl #SupportSmal‚Ä¶,positive
207,RT @ellyse_perrygfx: Hi!need cute emote?Knock on my door anytime #smallstreamer #affiliate #SmallStreamerConnect #streamergirl #SupportSmal‚Ä¶,positive
208,Kyle Rittenhouse believes so hard in the anti-#BlackLivesMatter flag he traversed state lines to argue. With a gun.‚Ä¶ https://t.co/SKPwgSs7oh,negative
209,RT @ellyse_perrygfx: Hi!need cute emote?Knock on my door anytime #smallstreamer #affiliate #SmallStreamerConnect #streamergirl #SupportSmal‚Ä¶,positive
210,RT @ellyse_perrygfx: Hi!need cute emote?Knock on my door anytime #smallstreamer #affiliate #SmallStreamerConnect #streamergirl #SupportSmal‚Ä¶,positive
211,"RT @theskindoctor13: This is world's loss, not India's. Everyone knew our team had reach, stardom, money and activists-par-excellence who c‚Ä¶",neutral
212,RT @suigenerisjen: Proud to be representing Leetona Dungay in her @UNHumanRights complaint about her son‚Äôs death in custody and Australia‚Äôs‚Ä¶,negative
213,"Biden Harris 2020 Election T-Shirt #blacklivesmatter #democrat
https://t.co/6m7WMa3R0T https://t.co/fbD2zeYJgB",positive
214,RT @LizDeepJones: ‚ÄúI want the ‚Å¶@UN‚Å© to say to our racist government that #BlackLivesMatter And tell the world that my son David‚Äôs life matt‚Ä¶,negative
215,RT @suigenerisjen: Proud to be representing Leetona Dungay in her @UNHumanRights complaint about her son‚Äôs death in custody and Australia‚Äôs‚Ä¶,negative
216,RT @LizDeepJones: ‚ÄúI want the ‚Å¶@UN‚Å© to say to our racist government that #BlackLivesMatter And tell the world that my son David‚Äôs life matt‚Ä¶,negative
217,"RT @PeggyStuart: We know that #PatriotsBelieve that when #BlackLivesMatter all lives will matter.

#ONEV1 #DemVoice1 #Dems4USA #DemCast 

h‚Ä¶",positive
218,"RT @Mindcite_US: How a descendant of immigrants and a descendant of slaves sold their souls to the the Republican party. 

#GOPTraitorsToDe‚Ä¶",neutral
219,#KierraColes is still missing #Chicago #illinois #missing #BlackLivesMatter https://t.co/viCNfw0tGp,negative
220,"RT @PeggyStuart: We know that #PatriotsBelieve that when #BlackLivesMatter all lives will matter.

#ONEV1 #DemVoice1 #Dems4USA #DemCast 

h‚Ä¶",neutral
221,"Book is out...
#lockdownsa #author #writer #artist #bookworm #bookstagram  #writers #writerslife #quotestoliveby‚Ä¶ https://t.co/dbpByjab67",positive
222,"RT @MendacityAbout: #TheBeat RT WFRW WashingtonSRC WAPolicyGreen WashingtonCOG OlympiaWatch SenJohnKennedy 
""I don't mean any disrespect,bu‚Ä¶",neutral
223,"RT @MendacityAbout: #TheBeat RT WFRW WashingtonSRC WAPolicyGreen WashingtonCOG OlympiaWatch SenJohnKennedy 
""I don't mean any disrespect,bu‚Ä¶",positive
224,RT @ellyse_perrygfx: Hi!need cute emote?Knock on my door anytime #smallstreamer #affiliate #SmallStreamerConnect #streamergirl #SupportSmal‚Ä¶,negative
225,"RT @ashakiiii: #TaleahLowe, 18 died on October 14th. She took a trip with her new white friends, they said she hit a riptide &amp; that what ma‚Ä¶",negative
226,RT @suigenerisjen: Proud to be representing Leetona Dungay in her @UNHumanRights complaint about her son‚Äôs death in custody and Australia‚Äôs‚Ä¶,negative
227,"Wed Sep 23 2020 Louisville, Kentucky - Police hold bound protester in the air while searching them WATCH:‚Ä¶ https://t.co/c8iXipSZOv",positive
228,It's an epidemic of state killing. Enough! #BlackLivesMatter https://t.co/Xp2xg09l8Y,neutral
229,"RT @SaraVenard: Palestinian lion Free Palestine  T-Shirt
Price: $13.07 &amp; FREE Returns
https://t.co/LVXIJGOGCH

#Free_Palestine #Palestinian‚Ä¶",neutral
230,"RT @Riss_Bundjalung: Police brutality and murder is not a cure for mental illness. RIP brother another life stolen from us, sending love to‚Ä¶",neutral
231,"RT @SaraVenard: Free palestine, Palestinian lion Pullover Hoodie

https://t.co/Xo48KGcdex

#Free_Palestine #PalestinianLivesMatter #Palesti‚Ä¶",positive
232,"RT @TammyPax_MP: Diane, I‚Äôve heard the government are suppressing the data to hide a huge rise in the number of ethnics involved in shootin‚Ä¶",positive
233,RT @suigenerisjen: Proud to be representing Leetona Dungay in her @UNHumanRights complaint about her son‚Äôs death in custody and Australia‚Äôs‚Ä¶,positive
234,#CurbFest #FreePoliticalPrisoners #PoliticalPrisoners #FreeThemAll #Abolition #Abolition #BlackLiberation‚Ä¶ https://t.co/5K6TmMf8os,neutral
235,"My true passion. 
#lockdownsa #author #writer #artist #bookworm #bookstagram  #writers #writerslife‚Ä¶ https://t.co/GnSMpSarOu",neutral
236,RT @NewLifeHealthW1: Rehab is a must - our magic is not a one time thingüí´ #DestinationFear #BlackLivesMatter #BlackOwnedBusiness https://t.‚Ä¶,positive
237,RT @NewLifeHealthW1: Rehab is a must - our magic is not a one time thingüí´ #DestinationFear #BlackLivesMatter #BlackOwnedBusiness https://t.‚Ä¶,negative
238,RT @ellyse_perrygfx: Hi!need cute emote?Knock on my door anytime #smallstreamer #affiliate #SmallStreamerConnect #streamergirl #SupportSmal‚Ä¶,neutral
239,RT @ellyse_perrygfx: Hi!need cute emote?Knock on my door anytime #smallstreamer #affiliate #SmallStreamerConnect #streamergirl #SupportSmal‚Ä¶,positive
240,RT @suigenerisjen: Proud to be representing Leetona Dungay in her @UNHumanRights complaint about her son‚Äôs death in custody and Australia‚Äôs‚Ä¶,positive
241,@funder This is what domestic terrorist means @funder you know damn well #BlackLivesMatter did this and destroy his‚Ä¶ https://t.co/wHCjF7iZjE,negative
242,"RT @Mindcite_US: How a descendant of immigrants and a descendant of slaves sold their souls to the the Republican party. 

#GOPTraitorsToDe‚Ä¶",negative
243,Hi!need cute emote?Knock on my door anytime #smallstreamer #affiliate #SmallStreamerConnect #streamergirl‚Ä¶ https://t.co/WbiOTsY0d2,neutral
244,RT @suigenerisjen: Proud to be representing Leetona Dungay in her @UNHumanRights complaint about her son‚Äôs death in custody and Australia‚Äôs‚Ä¶,negative
245,RT @suigenerisjen: Proud to be representing Leetona Dungay in her @UNHumanRights complaint about her son‚Äôs death in custody and Australia‚Äôs‚Ä¶,negative
246,RT @BotDefund: Defund the Oakdale Police #BlackLivesMatter,positive
247,Proud to be representing Leetona Dungay in her @UNHumanRights complaint about her son‚Äôs death in custody and Austra‚Ä¶ https://t.co/zEyUu8ub8X,positive
248,"RT @ashakiiii: #TaleahLowe, 18 died on October 14th. She took a trip with her new white friends, they said she hit a riptide &amp; that what ma‚Ä¶",neutral
249,"Ben in Oakville Canada knows that Black History is more than just a month
https://t.co/977g54GMc1 #black‚Ä¶ https://t.co/BWgiOxtsYP",negative
250,"RT @ellyse_perrygfx: Streamers!!Want amazing mascot logo for Twitch? dm me
#smallstreamer  #SmallStreamerConnect #streamergirl #SupportSmal‚Ä¶",positive
251,RT @james59975431: @aginnt Careful @NewZelandTW because your white they say it‚Äôs an insurrection when yet I‚Äôm sure that your government let‚Ä¶,neutral
252,RT @james59975431: @aginnt Careful @NewZelandTW because your white they say it‚Äôs an insurrection when yet I‚Äôm sure that your government let‚Ä¶,positive
253,@BrianEntin @Davidsc09121773 #BlackLivesMatter due to the crowd #LiveNation and the city didn‚Äôt care because it was primarily black youth,neutral
254,"RT @theskindoctor13: This is world's loss, not India's. Everyone knew our team had reach, stardom, money and activists-par-excellence who c‚Ä¶",neutral
255,"RT @ellyse_perrygfx: Streamers!!Want amazing mascot logo for Twitch? dm me
#smallstreamer  #SmallStreamerConnect #streamergirl #SupportSmal‚Ä¶",negative
256,"RT @ellyse_perrygfx: Streamers!!Want amazing mascot logo for Twitch? dm me
#smallstreamer  #SmallStreamerConnect #streamergirl #SupportSmal‚Ä¶",negative
257,"RT @Riss_Bundjalung: Police brutality and murder is not a cure for mental illness. RIP brother another life stolen from us, sending love to‚Ä¶",neutral
258,RT @LizDeepJones: ‚ÄúI want the ‚Å¶@UN‚Å© to say to our racist government that #BlackLivesMatter And tell the world that my son David‚Äôs life matt‚Ä¶,negative
259,RT @al_kaeda_4ll: smokin deceased 8 white mfs that became deceased at travis scott show pack dog #BlackLivesMatter,negative
260,‚ÄúI want the ‚Å¶@UN‚Å© to say to our racist government that #BlackLivesMatter And tell the world that my son David‚Äôs lif‚Ä¶ https://t.co/wCOeWN1NQf,positive
261,"RT @TammyPax_MP: Diane, I‚Äôve heard the government are suppressing the data to hide a huge rise in the number of ethnics involved in shootin‚Ä¶",negative
262,"Text ""black"" to 310 272 5438 to download the app
 #blacktwitter #BlackLivesMatter #melanin #blackempowerment https://t.co/NbuiaVuGdR",positive
263,"RT @daddlaii: üñ§üëØ‚Äç‚ôÄÔ∏èPlayboyüëØ‚Äç‚ôÄÔ∏èüñ§
         {season:1 episode:3}
#lovestory #player #cheater #threadstorytime #threadseries #threadstories #Bl‚Ä¶",positive
264,"RT @ellyse_perrygfx: Streamers!!Want amazing mascot logo for Twitch? dm me
#smallstreamer  #SmallStreamerConnect #streamergirl #SupportSmal‚Ä¶",positive
265,"RT @daddlaii: üñ§üëØ‚Äç‚ôÄÔ∏èPlayboyüëØ‚Äç‚ôÄÔ∏èüñ§
         {season:1 episode:3}
#lovestory #player #cheater #threadstorytime #threadseries #threadstories #Bl‚Ä¶",neutral
266,RT @al_kaeda_4ll: smokin deceased 8 white mfs that became deceased at travis scott show pack dog #BlackLivesMatter,neutral
267,"RT @ellyse_perrygfx: Streamers!!Want amazing mascot logo for Twitch? dm me
#smallstreamer  #SmallStreamerConnect #streamergirl #SupportSmal‚Ä¶",neutral
268,@aginnt Careful @NewZelandTW because your white they say it‚Äôs an insurrection when yet I‚Äôm sure that your governmen‚Ä¶ https://t.co/lEKCYWI0fE,neutral
269,"RT @ashakiiii: #TaleahLowe, 18 died on October 14th. She took a trip with her new white friends, they said she hit a riptide &amp; that what ma‚Ä¶",neutral
270,"RT @ellyse_perrygfx: Streamers!!Want amazing mascot logo for Twitch? dm me
#smallstreamer  #SmallStreamerConnect #streamergirl #SupportSmal‚Ä¶",negative
271,Defund the Oakdale Police #BlackLivesMatter,neutral
272,"#HumanRights #BlackLivesMatter #Elections2021 
Wow... be new do the right thing! #Tesla #USA https://t.co/zTTod4pK8F",positive
273,"RT @ellyse_perrygfx: Streamers!!Want amazing mascot logo for Twitch? dm me
#smallstreamer  #SmallStreamerConnect #streamergirl #SupportSmal‚Ä¶",positive
274,"RT @Riss_Bundjalung: Police brutality and murder is not a cure for mental illness. RIP brother another life stolen from us, sending love to‚Ä¶",positive
275,"RT @ellyse_perrygfx: Streamers!!Want amazing mascot logo for Twitch? dm me
#smallstreamer  #SmallStreamerConnect #streamergirl #SupportSmal‚Ä¶",neutral
276,RT @CheryleJ0806: @DenbrotS @MikeQuinlan5 üî•üî•üî•They (defendants) are working so hard to criminalize the victim. It is Emmitt Till redux. #Dem‚Ä¶,negative
277,"Streamers!!Want amazing mascot logo for Twitch? dm me
#smallstreamer  #SmallStreamerConnect #streamergirl‚Ä¶ https://t.co/YleCNDyGBv",neutral
278,Victor White III #BlackLivesMatter,negative
279,#Pelosi #Maddow #NYC #BlackLivesMatter #berniesanders #Bitcoin #kingjames #CNN #FoxNews #Covid19 #GreenNewDeal‚Ä¶ https://t.co/nAYssfwXPS,positive
280,"RT @Quickbase: Quick Base stands with our black employees, black members of our software community and all who are fighting systemic racism‚Ä¶",negative
281,"RT @ashakiiii: #TaleahLowe, 18 died on October 14th. She took a trip with her new white friends, they said she hit a riptide &amp; that what ma‚Ä¶",negative
282,"RT @nskakhtar: @RevatiKaattil Poor girl, she would have shouted for #BlackLivesMatter",neutral
283,"RT @DukeLaw: In ùô¥ùööùöûùöäùöïùöíùöùùö¢ ùôºùöéùöùùöõùöíùöåùöú, @ProfFletcher &amp; @VRootMartinez say while corps make public statements supporting #BlackLivesMatter, they‚Ä¶",positive
284,"RT @Gspirithorse: @BG10383375 You bet!üò°ü§¨
#BlackLivesMatter",neutral
285,"RT @Tildys: Patriots Believe #BlackLivesMatter

What does being a patriot mean to YOU? 

Join Democrats in reclaiming patriotism now. 

Let‚Ä¶",neutral
286,"Patriots Believe #BlackLivesMatter

What does being a patriot mean to YOU? 

Join Democrats in reclaiming patriotis‚Ä¶ https://t.co/9kb5yvsSPx",neutral
287,notice how with #blacklivesmatter or #Liberals get decades and life and chud #Jan6thCommittee perps are leading gov‚Ä¶ https://t.co/r0LQbDAqTA,negative
288,"RT @Two_Cams25: #BlackLivesMatter (2020) thanks to @TheCWSupergirl.

#CWSupergirl #SupergirlCW #SupergirlFinale https://t.co/5DOYQJ0Vuh",neutral
289,"RT @OldMainBell: DING^ ding^ ding* ding, ding? Ding ding ding? DING? #PennState #BlackLivesMatter #JusticeForAll",positive
290,"RT @Two_Cams25: #BlackLivesMatter (2020) thanks to @TheCWSupergirl.

#CWSupergirl #SupergirlCW #SupergirlFinale https://t.co/5DOYQJ0Vuh",positive
291,"Ceasefire Weekend organizers not discouraged by weekend shootings
https://t.co/2Qf4E59j0w
~~~~
#LifeInBmore‚Ä¶ https://t.co/K4DdUZhvnO",positive
292,"DING^ ding^ ding* ding, ding? Ding ding ding? DING? #PennState #BlackLivesMatter #JusticeForAll",positive
293,"RT @PeggyStuart: We know that #PatriotsBelieve that when #BlackLivesMatter all lives will matter.

#ONEV1 #DemVoice1 #Dems4USA #DemCast 

h‚Ä¶",neutral
294,"#BlackLivesMatter (2020) thanks to @TheCWSupergirl.

#CWSupergirl #SupergirlCW #SupergirlFinale https://t.co/5DOYQJ0Vuh",positive
295,"@BG10383375 You bet!üò°ü§¨
#BlackLivesMatter",positive
296,"RT @Riss_Bundjalung: Police brutality and murder is not a cure for mental illness. RIP brother another life stolen from us, sending love to‚Ä¶",neutral
297,"RT @Riss_Bundjalung: Police brutality and murder is not a cure for mental illness. RIP brother another life stolen from us, sending love to‚Ä¶",positive
298,"RT @PeggyStuart: We know that #PatriotsBelieve that when #BlackLivesMatter all lives will matter.

#ONEV1 #DemVoice1 #Dems4USA #DemCast 

h‚Ä¶",negative
299,"@RevatiKaattil Poor girl, she would have shouted for #BlackLivesMatter",negative
300,"RT @sergeivote: So let me get this straight: Aaron Rodgers can spread misinformation about vaccines, 

But Colin Kaepernick can't speak the‚Ä¶",neutral
301,"RT @PeggyStuart: We know that #PatriotsBelieve that when #BlackLivesMatter all lives will matter.

#ONEV1 #DemVoice1 #Dems4USA #DemCast 

h‚Ä¶",neutral
302,"RT @Riss_Bundjalung: Police brutality and murder is not a cure for mental illness. RIP brother another life stolen from us, sending love to‚Ä¶",neutral
303,"RT @Mindcite_US: How a descendant of immigrants and a descendant of slaves sold their souls to the the Republican party. 

#GOPTraitorsToDe‚Ä¶",negative
304,"RT @msfoundation: BLACK LIVES MATTER 
BLACK LIVES MATTER 
BLACK LIVES MATTER 
BLACK LIVES MATTER 
BLACK LIVES MATTER 
BLACK LIVES MATTER 
B‚Ä¶",positive
305,"RT @Airnigeria30: I promise you I‚Äôm here for the right reasons üí´
_
Premiere Date: October 19, 8pm est. on @BacheloretteABC 
_
#BachelorNati‚Ä¶",positive
306,"RT @AndrewSievers4: Truer words have never been said, Equality in action is needed #BLM #BlackLivesMatter #Progressive #BuildBackBetter #CO‚Ä¶",negative
307,"RT @PeggyStuart: We know that #PatriotsBelieve that when #BlackLivesMatter all lives will matter.

#ONEV1 #DemVoice1 #Dems4USA #DemCast 

h‚Ä¶",negative
308,"RT @PeggyStuart: We know that #PatriotsBelieve that when #BlackLivesMatter all lives will matter.

#ONEV1 #DemVoice1 #Dems4USA #DemCast 

h‚Ä¶",negative
309,RT @Slaypedia: This is a new free live leadership interview workshop that focuses on the toughest interview processes #BlackTechTwitter #bl‚Ä¶,positive
310,RT @zammarhanif: Its disturbingly preposterous how no one talks about Belgian King Leopold who killed a lot more people than Hilter! People‚Ä¶,negative
311,RT @Slaypedia: This is a new free live leadership interview workshop that focuses on the toughest interview processes #BlackTechTwitter #bl‚Ä¶,positive
312,This is a new free live leadership interview workshop that focuses on the toughest interview processes‚Ä¶ https://t.co/3hF8fPxQye,neutral
313,"RT @PeggyStuart: We know that #PatriotsBelieve that when #BlackLivesMatter all lives will matter.

#ONEV1 #DemVoice1 #Dems4USA #DemCast 

h‚Ä¶",neutral
314,"I'd love to see if there's a version of this for East Precinct response times. 

Something tells me that blue line‚Ä¶ https://t.co/vdfsP6KR8Z",neutral
315,"RT @Riss_Bundjalung: Police brutality and murder is not a cure for mental illness. RIP brother another life stolen from us, sending love to‚Ä¶",positive
316,RT @Satellit3Heart: Treasure Hendrix was found dead in officer Charlie Bell's RV. Chicago PD appears to be hindering the investigation via‚Ä¶,neutral
317,"RT @blmphxmetro: BLM Phoenix Metro is on TikTok y'all! Give us a follow. Our username is blmphxmetro! ‚úäüèº‚úäüèΩ‚úäüèæ‚úäüèø
#blmphoenixmetro #blm #black‚Ä¶",negative
318,"Signing off for the evening and wishing all of you a peaceful nights sleep, Goodnight üíô!
#BlackLivesMatter‚Ä¶ https://t.co/cQmp5jsa4Q",neutral
319,"RT @Riss_Bundjalung: Police brutality and murder is not a cure for mental illness. RIP brother another life stolen from us, sending love to‚Ä¶",negative
320,"RT @Riss_Bundjalung: Police brutality and murder is not a cure for mental illness. RIP brother another life stolen from us, sending love to‚Ä¶",positive
321,"RT @blmphxmetro: BLM Phoenix Metro is on TikTok y'all! Give us a follow. Our username is blmphxmetro! ‚úäüèº‚úäüèΩ‚úäüèæ‚úäüèø
#blmphoenixmetro #blm #black‚Ä¶",positive
322,RT @GibsonBeaver: @DarthApuReborn mr beaver wonders if #BlackLivesMatter in israel,neutral
323,RT @ClareKuehn: #BlackLivesMatter #NickiMinaj #MAGA #Alberta #Ontario #Toronto Wake #science #sciencewins #Australia #Arizona #murder #chil‚Ä¶,neutral
324,"RT @indiigoart: Neighborhood Nipüíôüïä 
16‚Äùx16‚Äù acrylic on canvas 
Prints for sale! 
(On canvas and poster)
HMUüíïüòå

#acrylicpainting #acrylic #f‚Ä¶",positive
325,RT @RisePDX: @meanbasstard @smithsonian the corrupt state has already covered up its involvement in the situation and how it is linked to a‚Ä¶,positive
326,@meanbasstard @smithsonian the corrupt state has already covered up its involvement in the situation and how it is‚Ä¶ https://t.co/upDPzBytyN,negative
327,"RT @Mindcite_US: How a descendant of immigrants and a descendant of slaves sold their souls to the the Republican party. 

#GOPTraitorsToDe‚Ä¶",neutral
328,#BlackLivesMatter #NickiMinaj #MAGA #Alberta #Ontario #Toronto Wake #science #sciencewins #Australia #Arizona‚Ä¶ https://t.co/JANqZcUt7c,negative
329,@DarthApuReborn mr beaver wonders if #BlackLivesMatter in israel,neutral
330,"RT @Riss_Bundjalung: Police brutality and murder is not a cure for mental illness. RIP brother another life stolen from us, sending love to‚Ä¶",neutral
331,"RT @newmalevichart: Friends, check out our BLM ART nft 100 Greatest African Americans https://t.co/Z4be9uxp3q Let‚Äôs pump these 100 tokens b‚Ä¶",neutral
332,"RT @ihaveadreamanna: In practice, Zionism  dehumanizes, delegitimises, and cancels the value,existence, experience, and rights of an entire‚Ä¶",positive
333,"RT @Riss_Bundjalung: Police brutality and murder is not a cure for mental illness. RIP brother another life stolen from us, sending love to‚Ä¶",negative
334,RT @Satellit3Heart: Treasure Hendrix was found dead in officer Charlie Bell's RV. Chicago PD appears to be hindering the investigation via‚Ä¶,neutral
335,Where is #BlackLivesMatter  on this ? Now you know what side there choice üò° #SOSCuba #CubaEsUnaDictadura https://t.co/5rJ8KbTFTG,neutral
336,"Sat Sep 05 2020 Rochester, New York - Police deploy tear gas and impact munitions WATCH: https://t.co/PlSCL3U2Z9‚Ä¶ https://t.co/3YLl6dbN9T",neutral
337,RT @realTadiAbedje: Prosecution Rests Its Case Against Kyle Rittenhouse. @BNCNews #BNC #BNCTV #BlackNewsChannel #KyleRittenhouse #KyleRitte‚Ä¶,positive
338,"RT @ElenaRi71156636: .
RACISM IS LEARNED!!!
#RacismIsLearned

RACIST PANHANDLERS!
#RacistPanhandler s

#NewYorkCity 
#BlackLivesMatter 
#BL‚Ä¶",neutral
339,".
RACISM IS LEARNED!!!
#RacismIsLearned

RACIST PANHANDLERS!
#RacistPanhandler s

#NewYorkCity 
#BlackLivesMatter‚Ä¶ https://t.co/Sabxm6WC7j",neutral
340,"RT @PeggyStuart: We know that #PatriotsBelieve that when #BlackLivesMatter all lives will matter.

#ONEV1 #DemVoice1 #Dems4USA #DemCast 

h‚Ä¶",positive
341,"BLM Phoenix Metro is on TikTok y'all! Give us a follow. Our username is blmphxmetro! ‚úäüèº‚úäüèΩ‚úäüèæ‚úäüèø
#blmphoenixmetro #blm‚Ä¶ https://t.co/oBz3JqH89E",neutral
342,"RT @theskindoctor13: This is world's loss, not India's. Everyone knew our team had reach, stardom, money and activists-par-excellence who c‚Ä¶",negative
343,Any white person that got #BlackLivesMatter in their bio is a closet racist imo.,neutral
344,"RT @muffywithlove: A haunting 

#GrowingUpBlack #BlackLivesMatter #blacktober https://t.co/0Nur0RwsBX",negative
345,RT @PlayDubb: Any white person that got #BlackLivesMatter in their bio is a closet racist imo.,neutral
346,"RT @daddlaii: üñ§üëØ‚Äç‚ôÄÔ∏èPlayboyüëØ‚Äç‚ôÄÔ∏èüñ§
         {season:1 episode:3}
#lovestory #player #cheater #threadstorytime #threadseries #threadstories #Bl‚Ä¶",positive
347,"Many ppl want to lie and create hate because their race of ppl are the enslavers of the African race 

NO ORIGINALI‚Ä¶ https://t.co/NIAqsLUEDO",positive
348,@nypost She is down bad for taking the life of a fellow black woman and mother #BlackLivesMatter,neutral
349,RT @FirdoseM: A major talking point from this piece is why the national cricket side has been put in focus for their anti-racism gestures a‚Ä¶,neutral
350,"RT @PeggyStuart: We know that #PatriotsBelieve that when #BlackLivesMatter all lives will matter.

#ONEV1 #DemVoice1 #Dems4USA #DemCast 

h‚Ä¶",neutral
351,RT @Gether2Come: @RobertRaymond46 Some #BlackLivesMatter,positive
352,"RT @AndrewSievers4: Truer words have never been said, Equality in action is needed #BLM #BlackLivesMatter #Progressive #BuildBackBetter #CO‚Ä¶",negative
353,Quick reminder that #BlackLivesMatter,negative
354,"RT @NavJB: 1/2
UPDATE! No response from @EssexPoliceUK

offence recorded 18/12/20
‚Äùwelfare check‚Äù 21/10/21
PC CHILVER 80333
PC PERKS 80147‚Ä¶",negative
355,"Truer words have never been said, Equality in action is needed #BLM #BlackLivesMatter #Progressive #BuildBackBetter‚Ä¶ https://t.co/HBxzFkTBGq",positive
356,"RT @megan_gfx: #Gamers! Get sick theme #badges for your gaming so HMU...
#twitch #smallstreamer #twitchstreamer #twitchaffiliate #BlackLive‚Ä¶",negative
357,"RT @megan_gfx: #Gamers! Get sick theme #badges for your gaming so HMU...
#twitch #smallstreamer #twitchstreamer #twitchaffiliate #BlackLive‚Ä¶",neutral
358,"RT @megan_gfx: #Gamers! Get sick theme #badges for your gaming so HMU...
#twitch #smallstreamer #twitchstreamer #twitchaffiliate #BlackLive‚Ä¶",neutral
359,"#Gamers! Get sick theme #badges for your gaming so HMU...
#twitch #smallstreamer #twitchstreamer #twitchaffiliate‚Ä¶ https://t.co/x6YU2Rba40",positive
360,@RobertRaymond46 Some #BlackLivesMatter,positive
361,"RT @PeggyStuart: We know that #PatriotsBelieve that when #BlackLivesMatter all lives will matter.

#ONEV1 #DemVoice1 #Dems4USA #DemCast 

h‚Ä¶",negative
362,RT @FirdoseM: A major talking point from this piece is why the national cricket side has been put in focus for their anti-racism gestures a‚Ä¶,neutral
363,"RT @PeggyStuart: We know that #PatriotsBelieve that when #BlackLivesMatter all lives will matter.

#ONEV1 #DemVoice1 #Dems4USA #DemCast 

h‚Ä¶",neutral
364,"RT @PeggyStuart: We know that #PatriotsBelieve that when #BlackLivesMatter all lives will matter.

#ONEV1 #DemVoice1 #Dems4USA #DemCast 

h‚Ä¶",negative
365,Any white person that got #BlackLivesMatter in their bio is a closet racist imo.,negative
366,"RT @muffywithlove: A haunting 

#GrowingUpBlack #BlackLivesMatter #blacktober https://t.co/0Nur0RwsBX",negative
367,"RT @PeggyStuart: We know that #PatriotsBelieve that when #BlackLivesMatter all lives will matter.

#ONEV1 #DemVoice1 #Dems4USA #DemCast 

h‚Ä¶",neutral
368,"RT @ShelbyRatifyERA: Patriots Believe Black lives matter.

What does being a patriot mean to YOU? 

Join Democrats in reclaiming patriotism‚Ä¶",neutral
369,"RT @Tatertot20101: @WatchYourRepsSC Real Patriots want ALL Americans to prosper. 
True Patriots don't want a russian sponsored government.‚Ä¶",neutral
370,"@WatchYourRepsSC Real Patriots want ALL Americans to prosper. 
True Patriots don't want a russian sponsored governm‚Ä¶ https://t.co/cRLbNGmfAM",negative
371,@AttorneyCrump Justice never sleeps. And we want Justice served swiftly.‚úäüèæ#BlackLivesMatter,positive
372,"RT @AlexRoslin: ""'It's still a boys' club': Family of former NT police officer plead for more DV awareness following inquest into her death‚Ä¶",neutral
373,"RT @WatchYourRepsSC: Patriots Believe Black lives matter.

What does being a patriot mean to YOU? 

Join Democrats in reclaiming patriotism‚Ä¶",positive
374,yup this is a great story https://t.co/oBJjY9RzkV #blacklivesmatter #rap,positive
375,"RT @WatchYourRepsSC: Patriots Believe Black lives matter.

What does being a patriot mean to YOU? 

Join Democrats in reclaiming patriotism‚Ä¶",negative
376,"Patriots Believe Black lives matter.

What does being a patriot mean to YOU? 

Join Democrats in reclaiming patriot‚Ä¶ https://t.co/zBUwvaUQvx",positive
377,I (we) need this.  The preview is heartwarming and more of what we need. ---&gt; Keyboard Fantasies review- Glorious d‚Ä¶ https://t.co/MXIA2bfD0D,positive
378,"RT @LordKolli: @coolfunnytshirt @theskindoctor13 Namibians                Namibians
In real life                in cricket team
#IndvsNam‚Ä¶",neutral
379,"RT @PeggyStuart: We know that #PatriotsBelieve that when #BlackLivesMatter all lives will matter.

#ONEV1 #DemVoice1 #Dems4USA #DemCast 

h‚Ä¶",positive
380,"RT @PeggyStuart: We know that #PatriotsBelieve that when #BlackLivesMatter all lives will matter.

#ONEV1 #DemVoice1 #Dems4USA #DemCast 

h‚Ä¶",positive
381,"RT @PeggyStuart: We know that #PatriotsBelieve that when #BlackLivesMatter all lives will matter.

#ONEV1 #DemVoice1 #Dems4USA #DemCast 

h‚Ä¶",negative
382,"RT @TheLivesThatMtr: Say their name. Alexio Allen, 2016-03-23 #BlackLivesMatter.",positive
383,"RT @DeRay_Shawn: ""If you are killed in the process of them telling you to stop resisting, that justifies your death."" Check out Levert Blou‚Ä¶",negative
384,"RT @TammyPax_MP: Diane, I‚Äôve heard the government are suppressing the data to hide a huge rise in the number of ethnics involved in shootin‚Ä¶",neutral
385,"@JGreenbergSez @Judson4Congress 

Who has broken more glass in the last few years, Antifa and Black Lives Matter (a‚Ä¶ https://t.co/RWV9ZNRLfd",negative
386,RT @CheryleJ0806: @DenbrotS @MikeQuinlan5 üî•üî•üî•They (defendants) are working so hard to criminalize the victim. It is Emmitt Till redux. #Dem‚Ä¶,neutral
387,"RT @rena_korb: Patriots Believe Black lives matter.

What does being a patriot mean to YOU? 

Join Democrats in reclaiming patriotism now.‚Ä¶",negative
388,RT @jessthesavior: ‚ÄúEvery nigga is a ‚≠êÔ∏è and I am that nigga‚Äù by me #collage #blacklivesmatter https://t.co/8LDNe4uzAA,positive
389,"RT @Ann_Israel_777: https://t.co/MDF1gGt3oM

Leave a comment! Also LikeüëçüèΩ, Share ‚ôªÔ∏è, &amp; Subscribeüõé‚ÄºÔ∏è

#WakeUpSleepyHead #BLM #BlackLivesMatt‚Ä¶",positive
390,"RT @TheLivesThatMtr: Say their name. Alexio Allen, 2016-03-23 #BlackLivesMatter.",negative
391,"Housing complex for Africans in Salisbury, Rhodesia, 1965 #History #Zimbabwe #BlackLivesMatter https://t.co/vhHGphPk5V",positive
392,"Police brutality and murder is not a cure for mental illness. RIP brother another life stolen from us, sending love‚Ä¶ https://t.co/A4uI8j9q7v",positive
393,"RT @rena_korb: Patriots Believe Black lives matter.

What does being a patriot mean to YOU? 

Join Democrats in reclaiming patriotism now.‚Ä¶",negative
394,"RT @WatchYourRepsSC: Patriots Believe Black lives matter.

What does being a patriot mean to YOU? 

Join Democrats in reclaiming patriotism‚Ä¶",neutral
395,"RT @newmalevichart: Friends, check out our BLM ART nft 100 Greatest African Americans https://t.co/Z4be9uxp3q Let‚Äôs pump these 100 tokens b‚Ä¶",negative
396,RT @OldMainBell: DING ding ding? ding ding ding ding... Ding? #PennState #BlackLivesMatter #JusticeForAll,negative
397,"RT @WatchYourRepsSC: Patriots Believe Black lives matter.

What does being a patriot mean to YOU? 

Join Democrats in reclaiming patriotism‚Ä¶",positive
398,"RT @WatchYourRepsSC: Patriots Believe Black lives matter.

What does being a patriot mean to YOU? 

Join Democrats in reclaiming patriotism‚Ä¶",neutral
399,"RT @TheLivesThatMtr: Say their name. Alexio Allen, 2016-03-23 #BlackLivesMatter.",neutral
400,"RT @Ann_Israel_777: https://t.co/MDF1gGt3oM

Leave a comment! Also LikeüëçüèΩ, Share ‚ôªÔ∏è, &amp; Subscribeüõé‚ÄºÔ∏è

#WakeUpSleepyHead #BLM #BlackLivesMatt‚Ä¶",positive
401,RT @jessthesavior: ‚ÄúEvery nigga is a ‚≠êÔ∏è and I am that nigga‚Äù by me #collage #blacklivesmatter https://t.co/8LDNe4uzAA,neutral
402,"RT @rena_korb: Patriots Believe Black lives matter.

What does being a patriot mean to YOU? 

Join Democrats in reclaiming patriotism now.‚Ä¶",positive
403,DING ding ding? ding ding ding ding... Ding? #PennState #BlackLivesMatter #JusticeForAll,negative
404,"Patriots Believe Black lives matter.

What does being a patriot mean to YOU? 

Join Democrats in reclaiming patriot‚Ä¶ https://t.co/inAX2rlYu3",positive
405,"Say their name. Alexio Allen, 2016-03-23 #BlackLivesMatter.",neutral
406,"https://t.co/MDF1gGt3oM

Leave a comment! Also LikeüëçüèΩ, Share ‚ôªÔ∏è, &amp; Subscribeüõé‚ÄºÔ∏è

#WakeUpSleepyHead #BLM‚Ä¶ https://t.co/T4eUAOxr6F",negative
407,‚ÄúEvery nigga is a ‚≠êÔ∏è and I am that nigga‚Äù by me #collage #blacklivesmatter https://t.co/8LDNe4uzAA,positive
408,"Patriots Believe Black lives matter.

What does being a patriot mean to YOU? 

Join Democrats in reclaiming patriot‚Ä¶ https://t.co/NnOZFxLMHq",neutral
409,RT @CheryleJ0806: @DenbrotS @MikeQuinlan5 üî•üî•üî•They (defendants) are working so hard to criminalize the victim. It is Emmitt Till redux. #Dem‚Ä¶,positive
410,"RT @TammyPax_MP: Diane, I‚Äôve heard the government are suppressing the data to hide a huge rise in the number of ethnics involved in shootin‚Ä¶",negative
411,"""If you are killed in the process of them telling you to stop resisting, that justifies your death."" Check out Leve‚Ä¶ https://t.co/GNuUEreLID",neutral
412,"RT @GailWaldby: Patriots Believe Black lives matter.

What does being a patriot mean to YOU? 

Join Democrats in reclaiming patriotism now.‚Ä¶",neutral
413,"RT @ashakiiii: #TaleahLowe, 18 died on October 14th. She took a trip with her new white friends, they said she hit a riptide &amp; that what ma‚Ä¶",negative
414,"RT @GailWaldby: Patriots Believe Black lives matter.

What does being a patriot mean to YOU? 

Join Democrats in reclaiming patriotism now.‚Ä¶",positive
415,"RT @GPC_catharine: In 2021, no one should have to tell us that #discrimination is wrong. We do not need a #racistprimeminister #WomensRight‚Ä¶",positive
416,"Patriots Believe Black lives matter.

What does being a patriot mean to YOU? 

Join Democrats in reclaiming patriot‚Ä¶ https://t.co/8E9NOzcwGG",neutral
417,"RT @JemmarPseudo: We want this to end between today and tomorrow the rent is a bit tense so we want to do everything we can, we don't reall‚Ä¶",neutral
418,"RT @AlexRoslin: 63% of N. Ireland officers accused of domestic violence faced no professional discipline, new figures show

https://t.co/RG‚Ä¶",negative
419,Underestimate Boris's legal assassination attempts on judicial system by holding law &amp; parliament repeatedly legall‚Ä¶ https://t.co/Fo8yAqhOTf,negative
420,@MSNBC Lost in many of these discussions is that Colin Kaepernick consulted veterans prior to learn the most respec‚Ä¶ https://t.co/His4b5WzIs,positive
421,"RT @Mindcite_US: How a descendant of immigrants and a descendant of slaves sold their souls to the the Republican party. 

#GOPTraitorsToDe‚Ä¶",neutral
422,RT @deadlyccajs: Tonight at 8:30pm Karla Grant hosts a forum ‚ÄúIncarceration: An Indigenous Perspective‚Äù which follows topics raised in the‚Ä¶,neutral
423,"RT @AlexRoslin: ""How Do Bad Cops Stay in Power? Just Look at Miami.""

https://t.co/w6nlxmSpZE

#officerinvolveddomesticviolence #policemisc‚Ä¶",negative
424,Defund the Big Rapids Police #BlackLivesMatter #DefundThePolice,negative
425,"RT @mindyanns: Patriots Believe Black lives matter.

What does being a patriot mean to YOU? 

Join Democrats in reclaiming patriotism now.‚Ä¶",negative
426,"RT @AlexRoslin: ""Toronto homicide detective stole drugs from evidence lockers as many as 20 times""

https://t.co/KQNRienfP6

#blacklivesmat‚Ä¶",negative
427,RT @AaronB728: @Snoopy_Mahan I met her a few times in person. I even messaged her a bunch. I remember at first feeling 'bad' people blocked‚Ä¶,negative
428,"RT @AlexRoslin: ""Off-Duty NYPD Officer Accused Of Shooting Ex-Girlfriend, Killing Another Woman""

https://t.co/U8VOXvQUio

Another story on‚Ä¶",negative
429,RT @AamirAliKhanADV: This is the fact behind #BlackFriday #BlackLivesMatter https://t.co/M55gcosOIY,positive
430,"RT @da_choosta: ""Seriously... Wtf...""

A #haiku by DaChoosta #DCIRF

""many times  many,
many put in so  much work,
Now  work must be done..‚Ä¶",neutral
431,"RT @AlexRoslin: Only 1 in 5 of RCMP watchdog recommendations ""completed."" Watchdog can't independently verify.

https://t.co/MHd98u1LKz

#o‚Ä¶",neutral
432,"RT @GPC_catharine: In 2021, no one should have to tell us that #discrimination is wrong. We do not need a #racistprimeminister #WomensRight‚Ä¶",neutral
433,"RT @AlexRoslin: 63% of N. Ireland officers accused of domestic violence faced no professional discipline, new figures show

https://t.co/RG‚Ä¶",neutral
434,RT @MCUStLouis: Juvenile expungement can be possible for EVERY child with a record in Missouri. Learn how by reaching out to our organizers‚Ä¶,neutral
435,"RT @carol_33410: Patriots Believe Black lives matter.

What does being a patriot mean to YOU? 

Join Democrats in reclaiming patriotism now‚Ä¶",positive
436,"RT @SandraDirkson: #BlackLivesMatter My ""Super Power"" is being a ""BLACK WOMAN"" I will be focusing on being a #Philanthropist and #Business/‚Ä¶",positive
437,"RT @AlexRoslin: ""'It's still a boys' club': Family of former NT police officer plead for more DV awareness following inquest into her death‚Ä¶",neutral
438,RT @RisePDX: Listen to this #KyleRittenhouseTrial chud who is anti #blacklivesmatter and does have bias get blown apart by the prosecution.‚Ä¶,negative
439,RT @vantasticmess: NYC moved some numbers around bc it was the only way it could look decent during the summer 2020 #BlackLivesMatter prote‚Ä¶,positive
440,RT @vantasticmess: NYC moved some numbers around bc it was the only way it could look decent during the summer 2020 #BlackLivesMatter prote‚Ä¶,neutral
441,Listen to this #KyleRittenhouseTrial chud who is anti #blacklivesmatter and does have bias get blown apart by the p‚Ä¶ https://t.co/E5zhpMioDc,negative
442,"RT @AlexRoslin: ""'It's still a boys' club': Family of former NT police officer plead for more DV awareness following inquest into her death‚Ä¶",negative
443,"RT @carol_33410: Patriots Believe Black lives matter.

What does being a patriot mean to YOU? 

Join Democrats in reclaiming patriotism now‚Ä¶",neutral
444,"RT @AlexRoslin: 63% of N. Ireland officers accused of domestic violence faced no professional discipline, new figures show

https://t.co/RG‚Ä¶",negative
445,"In 2021, no one should have to tell us that #discrimination is wrong. We do not need a #racistprimeminister‚Ä¶ https://t.co/3T2KUpbfhH",positive
446,"RT @AlexRoslin: Only 1 in 5 of RCMP watchdog recommendations ""completed."" Watchdog can't independently verify.

https://t.co/MHd98u1LKz

#o‚Ä¶",neutral
447,"RT @AlexRoslin: ""Off-Duty NYPD Officer Accused Of Shooting Ex-Girlfriend, Killing Another Woman""

https://t.co/U8VOXvQUio

Another story on‚Ä¶",negative
448,@Snoopy_Mahan I met her a few times in person. I even messaged her a bunch. I remember at first feeling 'bad' peopl‚Ä¶ https://t.co/T4bjzVv4P7,neutral
449,"RT @AlexRoslin: ""Toronto homicide detective stole drugs from evidence lockers as many as 20 times""

https://t.co/KQNRienfP6

#blacklivesmat‚Ä¶",neutral
450,"RT @AlexRoslin: ""How Do Bad Cops Stay in Power? Just Look at Miami.""

https://t.co/w6nlxmSpZE

#officerinvolveddomesticviolence #policemisc‚Ä¶",positive
451,"RT @msgrumpybunny: Patriots Believe Black lives matter.

What does being a patriot mean to YOU? 

Join Democrats in reclaiming patriotism n‚Ä¶",negative
452,"RT @AlexRoslin: City councillor, a former Calgary police officer, involved in fight with wife that ended with police responding and seizing‚Ä¶",positive
453,"RT @mindyanns: Patriots Believe Black lives matter.

What does being a patriot mean to YOU? 

Join Democrats in reclaiming patriotism now.‚Ä¶",neutral
454,"RT @PeggyStuart: We know that #PatriotsBelieve that when #BlackLivesMatter all lives will matter.

#ONEV1 #DemVoice1 #Dems4USA #DemCast 

h‚Ä¶",positive
455,NYC moved some numbers around bc it was the only way it could look decent during the summer 2020 #BlackLivesMatter‚Ä¶ https://t.co/heUdKw5hCq,neutral
456,"RT @AlexRoslin: ""Police reforms could shed light on poor handling of domestic violence claims ‚Äî like mine""

https://t.co/qMsJiX3CoL

#offic‚Ä¶",positive
457,"RT @TonyAaronII: Helping others is sometimes key to helping ourselves. #BlackLivesMatter #Keystone #Snowboarder #Snowboarding @ Keystone, C‚Ä¶",positive
458,"Sun May 31 2020 Minneapolis, Minnesota - Journalists pepper sprayed and hit with flashbangs and batons WATCH:‚Ä¶ https://t.co/bQepuD73AO",positive
459,@GlennYoungkin Hey #BLM since their is no laws being enforced anywhere you wanna check this guy out? He is lying to‚Ä¶ https://t.co/6DTKd0lDaP,positive
460,"RT @AlexRoslin: ""Two London police officers admit sharing photos of murdered sisters""

https://t.co/cHokYtHzK2

#officerinvolveddomesticvio‚Ä¶",negative
461,RT @AlexRoslin: 1000s of French women denounce response of police officers victim-blaming them or mishandling  complaints as they were repo‚Ä¶,negative
462,"RT @AlexRoslin: ""The Demand for Money Behind Many Police Traffic Stops""

https://t.co/D7JEmJXiSS

#officerinvolveddomesticviolence #policem‚Ä¶",positive
463,"RT @AlexRoslin: ""York police union hires former cop who hit, killed teen""

https://t.co/yE1yC3rBCg

#policemisconduct #policeoversight #bla‚Ä¶",positive
464,"RT @AlexRoslin: ""Families of people slain by police gather, mourn in Winnipeg""

https://t.co/rPHefmGVe7

#officerinvolveddomesticviolence #‚Ä¶",positive
465,"RT @AlexRoslin: ""Off-duty Chicago police officer fatally shoots husband, also an officer, during struggle over gun at Far NW Side home""

ht‚Ä¶",positive
466,"Drop your handles and follow everyone who likes and retweets this.
#Gainwithraekwon
#blacklivesmatter
#gains
#followhelp
#trending
#gainmutu",negative
467,this is a track of a generation! https://t.co/LuV5ToSTye #blacklivesmatter #BlackPanthers,negative
468,"RT @BrunoAmato_1: Things I AM FOR and Kevin McCarthy #CA23 is against...

Doing Townhalls in my District.
Violence Against Women Act.
Unive‚Ä¶",positive
469,"We know that #PatriotsBelieve that when #BlackLivesMatter all lives will matter.

#ONEV1 #DemVoice1 #Dems4USA‚Ä¶ https://t.co/TQruZ9yDAI",neutral
470,"RT @TammyPax_MP: Diane, I‚Äôve heard the government are suppressing the data to hide a huge rise in the number of ethnics involved in shootin‚Ä¶",neutral
471,"RT @RickSydney: #Lawenforcement | Police Killings By Country 2021

#wtpBLUE #BLM #Demvoice1 #ONEV1 #FreshResists #FreshVoicesRise #Dems4USA‚Ä¶",negative
472,"RT @Mindcite_US: How a descendant of immigrants and a descendant of slaves sold their souls to the the Republican party. 

#GOPTraitorsToDe‚Ä¶",negative
473,RT @beardedlanny: @NFL you guys screwed over Colin Kaepernick but you‚Äôre gonna give Aaron Rodgers a slap on the wrist. So tell me again how‚Ä¶,negative
474,"RT @blmphxmetro: Join us in creating art for incarcerated loved ones Wednesday, November 17th at 6:30pm! Email art@blmphoenixmetro.org for‚Ä¶",neutral
475,RT @AVALANCHE_RAP: while you sleep Avalanche grinds and puts in work! https://t.co/Op83dcCw5Y #BlackLivesMatter #kotd,neutral
476,"RT @Mindcite_US: How a descendant of immigrants and a descendant of slaves sold their souls to the the Republican party. 

#GOPTraitorsToDe‚Ä¶",negative
477,"RT @RickSydney: #History | The Rise of Cotton: Crash Course Black American History #13 

#wtpBLUE #BLM #Demvoice1 #ONEV1 #FreshResists #Fre‚Ä¶",negative
478,RT @BotDefund: Defund the Newton Police #BlackLivesMatter,neutral
479,"RT @mindyanns: Patriots Believe Black lives matter.

What does being a patriot mean to YOU? 

Join Democrats in reclaiming patriotism now.‚Ä¶",positive
480,RT @james59975431: @funder Yes @funder #BlackLivesMatter caused a insurrection first and plus the capital hill is the house of the people n‚Ä¶,positive
481,@funder Yes @funder #BlackLivesMatter caused a insurrection first and plus the capital hill is the house of the peo‚Ä¶ https://t.co/nG6HBz2AJC,neutral
482,Prosecution Rests Its Case Against Kyle Rittenhouse. @BNCNews #BNC #BNCTV #BlackNewsChannel #KyleRittenhouse‚Ä¶ https://t.co/zVtT90qKBi,neutral
483,"RT @Mindcite_US: How a descendant of immigrants and a descendant of slaves sold their souls to the the Republican party. 

#GOPTraitorsToDe‚Ä¶",negative
484,RT @RisePDX: So the prosecution isn't going to tie #kylerittenhouse to the rest of the anti #blacklivesmatter folks who are all #trumpism s‚Ä¶,negative
485,"RT @TammyPax_MP: Diane, I‚Äôve heard the government are suppressing the data to hide a huge rise in the number of ethnics involved in shootin‚Ä¶",positive
486,"RT @carol_33410: Patriots Believe Black lives matter.

What does being a patriot mean to YOU? 

Join Democrats in reclaiming patriotism now‚Ä¶",positive
487,"Patriots Believe Black lives matter.

What does being a patriot mean to YOU? 

Join Democrats in reclaiming patriot‚Ä¶ https://t.co/tjceBwVpF9",neutral
488,"RT @TheVWilliams: ‚úäüèΩAre You Blaqnificent? 
‚úäüèΩGet your Blaqnificent Merch!
‚úäüèΩLink In Bio To Shop! 

#blaqnificent #blm #blacklivesmatter #sh‚Ä¶",positive
489,"‚úäüèΩAre You Blaqnificent? 
‚úäüèΩGet your Blaqnificent Merch!
‚úäüèΩLink In Bio To Shop! 

#blaqnificent #blm‚Ä¶ https://t.co/brILp8HwbX",negative
490,So the prosecution isn't going to tie #kylerittenhouse to the rest of the anti #blacklivesmatter folks who are all‚Ä¶ https://t.co/f5ofcBhz31,positive
491,just in time for the travesty of this Kyle Rittenhouse #blacklivesmatter protest-murderer trial! Funny how nothing‚Ä¶ https://t.co/vFAE0ShKsF,positive
492,Defund the Newton Police #BlackLivesMatter,negative
493,while you sleep Avalanche grinds and puts in work! https://t.co/Op83dcCw5Y #BlackLivesMatter #kotd,neutral
494,@NFL you guys screwed over Colin Kaepernick but you‚Äôre gonna give Aaron Rodgers a slap on the wrist. So tell me aga‚Ä¶ https://t.co/eelK8KdV58,negative
495,"RT @Star_BLM: Shout out anyone that wants to support #BlackLivesMatter / #TogetherForRefugees .
We need your support üôèüèø 
I'll fw anyone tha‚Ä¶",negative
496,"RT @Mindcite_US: How a descendant of immigrants and a descendant of slaves sold their souls to the the Republican party. 

#GOPTraitorsToDe‚Ä¶",positive
497,"RT @JMHUSTLE: #arrestthemallnow #Genocide üé∂üéµ #kendricklamar says ""take your #bitch and fuck some more""    then she killed herself #justicef‚Ä¶",neutral
498,RT @KtownforAll: .@DocMellyMel: Parks are not meant for people to be roaming around with guns. This motion speaks volumes to the kind of pe‚Ä¶,negative
499,"#arrestthemallnow #Genocide üé∂üéµ #kendricklamar says ""take your #bitch and fuck some more""    then she killed herself‚Ä¶ https://t.co/hgWc4CvL06",neutral
